domain,start,end,n,mean,median,sd,sem,frac_above_median
RuvC-I,1,59,346,-0.4746289600045146,-0.4638615804029269,0.7055192066872568,0.03792894752965053,0.36127167630057805
BridgeHelix,60,93,196,-0.2793531776248194,-0.26453243281775596,0.6405204789269856,0.04575146278049897,0.5
REC1a,94,179,522,-0.26509005713472994,-0.2798790725593173,0.620826485323897,0.027172837070906602,0.4846743295019157
REC2,180,307,762,-0.14017388909213938,-0.16414655318159577,0.5919717777491176,0.021444874873387282,0.5997375328083989
REC1b,308,717,2437,-0.23643189625453978,-0.2621740194939428,0.5928536949939597,0.012009357308954747,0.5030775543701272
RuvC-II,718,765,286,-0.3796048185627823,-0.37752602596713547,0.6703092895479582,0.03963621920563429,0.3951048951048951
HNH,766,909,852,-0.32080217865896576,-0.32680196420147,0.6228720724845132,0.021339245586663218,0.4471830985915493
RuvC-III,910,1098,1127,-0.3469085858204353,-0.3624552504181785,0.5826593233146334,0.01735612391369178,0.4143744454303461
WED,1099,1200,596,-0.13963832192509398,-0.16600300933560608,0.6234607765588625,0.025537948467430464,0.6073825503355704
TOPO,1201,1218,103,-0.057366749983449844,-0.0341627392812616,0.5183863656335169,0.05107812634598846,0.6990291262135923
CTD-PI,1219,1368,890,-0.1600971203081611,-0.19724442378584361,0.6174169932568317,0.020695864635026866,0.5662921348314607
