model,split,pooled_spearman,spearman_ci_lo,spearman_ci_hi,pooled_pearson,pooled_auroc,precision_at_5pct,per_fold_spearman_mean,per_fold_spearman_sd,n,n_folds,claim
global_mean,random,-0.02761180714573405,-0.04764133919938476,-0.00585305591448981,-0.028978928939636214,0.4883089936011597,0.034482758620689655,0.0,0.0,8117,10,new substitution at an already-measured position (interpolation)
blosum62,random,0.11229213952061523,0.09042683481183546,0.13697953132658897,0.08814880773485613,0.5534610794380717,0.046798029556650245,0.11305920161549218,0.026236345386190282,8117,10,new substitution at an already-measured position (interpolation)
domain_mean,random,0.15263956504800277,0.12759905400086297,0.17680710218425488,0.13791467979230312,0.5770431660363021,0.054187192118226604,0.16473004286998,0.03149517855522725,8117,10,new substitution at an already-measured position (interpolation)
position_mean,random,0.1655762950795879,0.13620586371168084,0.19309680504153073,0.13150489404191903,0.585508008962432,0.09113300492610837,0.16667432003406094,0.02005447173105791,8117,10,new substitution at an already-measured position (interpolation)
codon_only_hgb,random,0.0633939527210716,0.03987729079032832,0.08525134677947263,0.05132592196977982,0.5264447113309343,0.03940886699507389,0.06783250327505332,0.03697334545825087,8117,10,new substitution at an already-measured position (interpolation)
ridge_handcrafted,random,0.20140714774925256,0.17763997147440394,0.22515286045208685,0.17470115580527584,0.5987435389609955,0.05665024630541872,0.20192617509272184,0.019782266597765878,8117,10,new substitution at an already-measured position (interpolation)
hgb_handcrafted,random,0.22259938353781022,0.19837991593993431,0.24178060666208895,0.19143642919892362,0.610759502124346,0.059113300492610835,0.22291099501706949,0.025217322621785256,8117,10,new substitution at an already-measured position (interpolation)
esm650M_wtmarg_zeroshot,random,0.17901492227870364,0.1526425750734053,0.2010885846037173,0.1614644157509059,0.5929895123808983,0.07389162561576355,0.17833192316694174,0.022821551510734287,8117,10,new substitution at an already-measured position (interpolation)
esm650M_maskmarg_zeroshot,random,0.18042966310726524,0.1525724813608309,0.2015911711390645,0.16662381549411373,0.5940556316267047,0.07142857142857142,0.1799712215672608,0.0237543573355397,8117,10,new substitution at an already-measured position (interpolation)
ridge_esm_lm,random,0.17966911347322992,0.15283306980177672,0.20242340623385505,0.17018939559165358,0.5915921224044894,0.059113300492610835,0.18128617570824762,0.01998375095685986,8117,10,new substitution at an already-measured position (interpolation)
hgb_full_extension,random,0.25690568188423096,0.23487995647707455,0.27986198917940763,0.21763339936054663,0.6276364602886138,0.06403940886699508,0.25818995315492,0.019372162128554592,8117,10,new substitution at an already-measured position (interpolation)
ridge_full_extension,random,0.22976268236012024,0.20393430944131727,0.25282104268510003,0.20331997822368414,0.6163257185688036,0.0665024630541872,0.23138390642782602,0.02147744856628206,8117,10,new substitution at an already-measured position (interpolation)
global_mean,position_grouped,-0.03365692577449831,-0.06119615376115669,-0.008418965522715026,-0.048916246471716655,0.48692395835647945,0.04926108374384237,0.0,0.0,8117,10,new substitution at a position with no measurements
blosum62,position_grouped,0.11229213952061523,0.09042683481183546,0.13697953132658897,0.08814880773485613,0.5534610794380717,0.046798029556650245,0.11208135071289589,0.03783069981322029,8117,10,new substitution at a position with no measurements
domain_mean,position_grouped,0.14882839962858316,0.12355161495817725,0.1737939987066476,0.13306499726724283,0.574423052241634,0.05172413793103448,0.16414303270553668,0.03612235101860839,8117,10,new substitution at a position with no measurements
position_mean,position_grouped,0.14882839962858316,0.12355161495817725,0.1737939987066476,0.13306499726724283,0.574423052241634,0.05172413793103448,0.16414303270553668,0.03612235101860839,8117,10,new substitution at a position with no measurements
codon_only_hgb,position_grouped,0.05822844668192973,0.0356501182177981,0.08017121869809352,0.04693816029551102,0.5262358040489765,0.03940886699507389,0.06412327896449974,0.03486298507208161,8117,10,new substitution at a position with no measurements
ridge_handcrafted,position_grouped,0.19585135703010503,0.1728272042550913,0.21966069503927604,0.16922802718319774,0.5960584641690316,0.05665024630541872,0.19765089099325076,0.044782031958058174,8117,10,new substitution at a position with no measurements
hgb_handcrafted,position_grouped,0.21858054033444238,0.19526359219898737,0.23975686794294243,0.1887265691017624,0.6087581266511173,0.0665024630541872,0.2189168202804761,0.03266285255279136,8117,10,new substitution at a position with no measurements
esm650M_wtmarg_zeroshot,position_grouped,0.17901492227870364,0.1526425750734053,0.2010885846037173,0.1614644157509059,0.5929895123808983,0.07389162561576355,0.18128359343671194,0.025791153010064707,8117,10,new substitution at a position with no measurements
esm650M_maskmarg_zeroshot,position_grouped,0.18042966310726524,0.1525724813608309,0.2015911711390645,0.16662381549411373,0.5940556316267047,0.07142857142857142,0.18275287445866378,0.026465066070342824,8117,10,new substitution at a position with no measurements
ridge_esm_lm,position_grouped,0.17733025324647897,0.1503091364247322,0.20045094363884688,0.16706328219831354,0.5905608513946154,0.05172413793103448,0.18233448616523062,0.02612169804736796,8117,10,new substitution at a position with no measurements
hgb_full_extension,position_grouped,0.2272538173271868,0.2024643012127408,0.24935920170877765,0.1928890327764641,0.6162762692862827,0.07635467980295567,0.22737478014479934,0.03350689148765879,8117,10,new substitution at a position with no measurements
ridge_full_extension,position_grouped,0.22545327014656388,0.19990191399935578,0.24894259056016246,0.19919609938885166,0.6145255400535545,0.05665024630541872,0.2269625388975042,0.03662856511429303,8117,10,new substitution at a position with no measurements
global_mean,region_blocked,-0.14459439341777092,-0.1769700004796126,-0.08085589824517402,-0.12477812954703085,0.4302035671237129,0.05665024630541872,0.0,0.0,8117,10,new substitution in a contiguous unmeasured region (~137 aa)
blosum62,region_blocked,0.11229213952061523,0.07662828013929601,0.14492716354690635,0.08814880773485613,0.5534610794380717,0.046798029556650245,0.11346175525516636,0.06069544858251776,8117,10,new substitution in a contiguous unmeasured region (~137 aa)
domain_mean,region_blocked,0.09829908899547468,0.01928393854121887,0.14121078789176045,0.08543110485946037,0.5472275253466277,0.054187192118226604,0.01768949304301679,0.06666454528602526,8117,10,new substitution in a contiguous unmeasured region (~137 aa)
position_mean,region_blocked,0.09829908899547468,0.01928393854121887,0.14121078789176045,0.08543110485946037,0.5472275253466277,0.054187192118226604,0.01768949304301679,0.06666454528602526,8117,10,new substitution in a contiguous unmeasured region (~137 aa)
codon_only_hgb,region_blocked,0.01874597102165924,-0.012700665923801804,0.05540610369946794,0.021678045627840183,0.5046860859979181,0.04187192118226601,0.05567164921732243,0.05503292211652039,8117,10,new substitution in a contiguous unmeasured region (~137 aa)
ridge_handcrafted,region_blocked,0.17306425219053834,0.12495118760167508,0.1998524956951947,0.14499084187433114,0.582919981043531,0.05665024630541872,0.13585507381091572,0.061862550753995105,8117,10,new substitution in a contiguous unmeasured region (~137 aa)
hgb_handcrafted,region_blocked,0.18884692043350085,0.15129550105502138,0.20932375395496086,0.1611192094451988,0.5899697670304361,0.046798029556650245,0.14967939349180998,0.041920542582775625,8117,10,new substitution in a contiguous unmeasured region (~137 aa)
esm650M_wtmarg_zeroshot,region_blocked,0.17901492227870364,0.1371842341355599,0.2118244223559591,0.1614644157509059,0.5929895123808983,0.07389162561576355,0.15583356385141223,0.0670272631308365,8117,10,new substitution in a contiguous unmeasured region (~137 aa)
esm650M_maskmarg_zeroshot,region_blocked,0.18042966310726524,0.13589361564737587,0.21020422090795698,0.16662381549411373,0.5940556316267047,0.07142857142857142,0.1550604852019184,0.06880694419344767,8117,10,new substitution in a contiguous unmeasured region (~137 aa)
ridge_esm_lm,region_blocked,0.170359348732806,0.13386746430451243,0.2007307583506584,0.16341213297047905,0.5872191544846583,0.04926108374384237,0.15773042363603199,0.05970554492114828,8117,10,new substitution in a contiguous unmeasured region (~137 aa)
hgb_full_extension,region_blocked,0.18972810310903307,0.15051527836149814,0.21741850178462852,0.16664751202954986,0.5946213083484837,0.04926108374384237,0.164226707032677,0.05897698771550172,8117,10,new substitution in a contiguous unmeasured region (~137 aa)
ridge_full_extension,region_blocked,0.20258408535849326,0.1556852433711131,0.2315459198294335,0.1810230268464926,0.6027026689013251,0.059113300492610835,0.17761044442790155,0.06852867024113254,8117,10,new substitution in a contiguous unmeasured region (~137 aa)
global_mean,domain_holdout,-0.14998097931507337,-0.19033886471133735,-0.08409218776522948,-0.12482809825531195,0.4273120742095005,0.029556650246305417,0.0,0.0,8117,11,new substitution in an entirely unmeasured structural domain
blosum62,domain_holdout,0.11229213952061523,0.06538469134406184,0.14675681792975706,0.08814880773485613,0.5534610794380717,0.046798029556650245,0.09990253004302638,0.09716847379260259,8117,11,new substitution in an entirely unmeasured structural domain
domain_mean,domain_holdout,-0.14998097931507337,-0.19033886471133735,-0.08409218776522948,-0.12482809825531195,0.4273120742095005,0.029556650246305417,0.0,0.0,8117,11,new substitution in an entirely unmeasured structural domain
position_mean,domain_holdout,-0.14998097931507337,-0.19033886471133735,-0.08409218776522948,-0.12482809825531195,0.4273120742095005,0.029556650246305417,0.0,0.0,8117,11,new substitution in an entirely unmeasured structural domain
codon_only_hgb,domain_holdout,0.01768133428609556,-0.027075467175814796,0.05842789174755237,0.023369774728960204,0.5053768581729009,0.04433497536945813,0.040966255585188766,0.09757585447349065,8117,11,new substitution in an entirely unmeasured structural domain
ridge_handcrafted,domain_holdout,0.1475028549627574,0.09043725066730657,0.19643226689977392,0.12418568620075345,0.5693695116305076,0.05172413793103448,0.11319501469908029,0.0960661856959275,8117,11,new substitution in an entirely unmeasured structural domain
hgb_handcrafted,domain_holdout,0.1914926421004593,0.13873226867340305,0.24398804846475625,0.16187414324230015,0.5891536869130061,0.07142857142857142,0.1504161092530068,0.06824651030341475,8117,11,new substitution in an entirely unmeasured structural domain
esm650M_wtmarg_zeroshot,domain_holdout,0.17901492227870364,0.13298685127899762,0.2138500519407711,0.1614644157509059,0.5929895123808983,0.07389162561576355,0.14927205053849765,0.10702543328823112,8117,11,new substitution in an entirely unmeasured structural domain
esm650M_maskmarg_zeroshot,domain_holdout,0.18042966310726524,0.13431857694669233,0.21679247093547324,0.16662381549411373,0.5940556316267047,0.07142857142857142,0.14937402449689197,0.11513310743231517,8117,11,new substitution in an entirely unmeasured structural domain
ridge_esm_lm,domain_holdout,0.166360479779085,0.13315997390296405,0.20506187050123945,0.15911349898074176,0.5851906410994752,0.05172413793103448,0.1473867741104323,0.11875268651556826,8117,11,new substitution in an entirely unmeasured structural domain
hgb_full_extension,domain_holdout,0.19578567936780122,0.15255199155939259,0.2233819640294721,0.17297877778655674,0.59491463457132,0.054187192118226604,0.1454331802542669,0.11084472471904701,8117,11,new substitution in an entirely unmeasured structural domain
ridge_full_extension,domain_holdout,0.19349742273862866,0.14889922147602988,0.23121046401109616,0.17483898684388624,0.597687953110545,0.04926108374384237,0.16061290554894184,0.11476051194627991,8117,11,new substitution in an entirely unmeasured structural domain
